"store_type","sales","count_of_orders"
"Local",4200344.269999806,"78409"
"Super Store",1045045.1900000107,"19276"
"Mall Kiosk",705645.9000000032,"13142"
"Outlet",508029.41000000056,"9207"
"Web Portal",1067.77,"43"
